ID,FULL_NAME,FIRST_NAME,LAST_NAME
2103,Justin James,Justin,James
1347,John Lucas,John,Lucas
1023,Chris Smith,Chris,Smith
1850,D.J. Wilson,D.J.,Wilson
2355,Moses Wright,Moses,Wright
1952,Chimezie Metu,Chimezie,Metu
1746,Skal Labissiere,Skal,Labissiere
2041,Brandon Clarke,Brandon,Clarke
2286,Herbert Jones,Herbert,Jones
WAS,,Washington,Football Team
1294,Tim Duncan,Tim,Duncan
2050,De'Andre Hunter,De'Andre,Hunter
1216,Ryan Kelly,Ryan,Kelly
1154,Bismack Biyombo,Bismack,Biyombo
1191,Ricky Rubio,Ricky,Rubio
1399,Ricky Ledo,Ricky,Ledo
1080,Ognjen Kuzmic,Ognjen,Kuzmic
2383,Cameron McGriff,Cameron,McGriff
2025,Jordan Bone,Jordan,Bone
1707,Buddy Hield,Buddy,Hield
2333,Chaundee Brown,Chaundee,Brown
1369,Rashard Lewis,Rashard,Lewis
2288,Joe Wieskamp,Joe,Wieskamp
1196,Othyus Jeffers,Othyus,Jeffers
1583,Jusuf Nurkic,Jusuf,Nurkic
2358,Micah Potter,Micah,Potter
1450,CJ McCollum,CJ,McCollum
2316,Austin Reaves,Austin,Reaves
1275,Tyreke Evans,Tyreke,Evans
1572,Earl Barron,Earl,Barron
1168,Paul Pierce,Paul,Pierce
ARI,,Arizona,Cardinals
1461,Willie Reed,Willie,Reed
2145,Tre Jones,Tre,Jones
2071,Shamorie Ponds,Shamorie,Ponds
2370,Anthony Tarke,Anthony,Tarke
2239,Jon Teske,Jon,Teske
1666,Marshall Plumlee,Marshall,Plumlee
2156,Jalen Smith,Jalen,Smith
1768,Trey McKinney-Jones,Trey,McKinney-Jones
2313,Josh Giddey,Josh,Giddey
2392,Jordan Burns,Jordan,Burns
1860,Josh Gray,Josh,Gray
1285,Jeff Green,Jeff,Green
2266,Corey Kispert,Corey,Kispert
2119,Obi Toppin,Obi,Toppin
1856,Dennis Smith,Dennis,Smith
1015,Nazr Mohammed,Nazr,Mohammed
2075,Amir Coffey,Amir,Coffey
1985,Wenyen Gabriel,Wenyen,Gabriel
1385,Tony Mitchell,Tony,Mitchell
1440,Derek Fisher,Derek,Fisher
1155,Ramon Sessions,Ramon,Sessions
1791,Xavier Rathan-Mayes,Xavier,Rathan-Mayes
1754,Jaylen Johnson,Jaylen,Johnson
1406,Vince Carter,Vince,Carter
1339,Chris Paul,Chris,Paul
1993,Troy Caupain,Troy,Caupain
1020,Lou Amundson,Lou,Amundson
1094,Casper Ware,Casper,Ware
1634,Boban Marjanovic,Boban,Marjanovic
1813,Tyler Cavanaugh,Tyler,Cavanaugh
1848,Derrick Walton,Derrick,Walton
1109,Lorenzo Brown,Lorenzo,Brown
1654,Cliff Alexander,Cliff,Alexander
1092,Harrison Barnes,Harrison,Barnes
1690,Caris LeVert,Caris,LeVert
1900,Shake Milton,Shake,Milton
1352,Trey Burke,Trey,Burke
2080,Juwan Morgan,Juwan,Morgan
1254,Dennis Schroder,Dennis,Schroder
1554,Bryce Cotton,Bryce,Cotton
2029,P.J. Washington,P.J.,Washington
1550,Bruno Caboclo,Bruno,Caboclo
1804,Le'Bryan Nash,Le'Bryan,Nash
2303,Nah'Shon Hyland,Nah'Shon,Hyland
1016,Taj Gibson,Taj,Gibson
2207,Jahlil Tripp,Jahlil,Tripp
2299,Aaron Wiggins,Aaron,Wiggins
1844,Eric Griffin,Eric,Griffin
1498,Will Cherry,Will,Cherry
1350,Rudy Gobert,Rudy,Gobert
2142,Payton Pritchard,Payton,Pritchard
1615,Jarell Martin,Jarell,Martin
2339,A.J. Lawson,A.J.,Lawson
1200,Mike Conley,Mike,Conley
1597,Joe Young,Joe,Young
2178,Romaro Gill,Romaro,Gill
1967,Jalen Brunson,Jalen,Brunson
2011,Brian Bowen,Brian,Bowen
2084,Gabe Vincent,Gabe,Vincent
1166,Alan Anderson,Alan,Anderson
1792,Dillon Brooks,Dillon,Brooks
1095,Tony Wroten,Tony,Wroten
2294,Jason Preston,Jason,Preston
2088,Isaiah Roby,Isaiah,Roby
1181,A.J. Price,A.J.,Price
1121,Al Harrington,Al,Harrington
1218,Jordan Farmar,Jordan,Farmar
1137,Luigi Datome,Luigi,Datome
1578,Sim Bhullar,Sim,Bhullar
1833,Malcolm Miller,Malcolm,Miller
1404,Gal Mekel,Gal,Mekel
2323,McKinley Wright,McKinley,Wright
1495,Cleanthony Early,Cleanthony,Early
1531,Jordan Adams,Jordan,Adams
1299,Malcolm Thomas,Malcolm,Thomas
1982,Gary Trent,Gary,Trent
2232,Caleb Homesley,Caleb,Homesley
2361,Derrick Alston,Derrick,Alston
1249,Pero Antic,Pero,Antic
1782,Marcus Paige,Marcus,Paige
1534,Jordan Clarkson,Jordan,Clarkson
1863,Dakari Johnson,Dakari,Johnson
1630,Coty Clarke,Coty,Clarke
1649,Alan Williams,Alan,Williams
1903,Troy Brown,Troy,Brown
1126,  Nene, ,Nene
2185,Vit Krejci,Vit,Krejci
1115,Chris Singleton,Chris,Singleton
1050,CJ Miles,CJ,Miles
2191,Facundo Campazzo,Facundo,Campazzo
1981,Deonte Burton,Deonte,Burton
2010,Goga Bitadze,Goga,Bitadze
1296,Danny Green,Danny,Green
1160,Ben Gordon,Ben,Gordon
1507,JaKarr Sampson,JaKarr,Sampson
2271,Kai Jones,Kai,Jones
1964,Donte DiVincenzo,Donte,DiVincenzo
1686,Treveon Graham,Treveon,Graham
2121,Cassius Stanley,Cassius,Stanley
2354,Kevin Pangos,Kevin,Pangos
2135,Jaden McDaniels,Jaden,McDaniels
1238,Jordan Hamilton,Jordan,Hamilton
1411,Viacheslav Kravtsov,Viacheslav,Kravtsov
1539,Kostas Papanikolaou,Kostas,Papanikolaou
1893,Stephan Hicks,Stephan,Hicks
1923,Julian Washburn,Julian,Washburn
1472,Randy Foye,Randy,Foye
2385,Giorgi Bezhanishvili,Giorgi,Bezhanishvili
2020,Rui Hachimura,Rui,Hachimura
2306,Jonathan Kuminga,Jonathan,Kuminga
1363,Dwyane Wade,Dwyane,Wade
2066,Luka Samanic,Luka,Samanic
2000,Ignas Brazdeikis,Ignas,Brazdeikis
1057,Matthew Dellavedova,Matthew,Dellavedova
1680,Danuel House,Danuel,House
1243,Omer Asik,Omer,Asik
2372,Matt Coleman,Matt,Coleman
1360,Diante Garrett,Diante,Garrett
1252,Mike Muscala,Mike,Muscala
2284,Jalen Johnson,Jalen,Johnson
1017,D.J. Augustin,D.J.,Augustin
1069,Luis Scola,Luis,Scola
2223,Lamine Diane,Lamine,Diane
2193,Jae'Sean Tate,Jae'Sean,Tate
1506,Larry Drew II,Larry,Drew II
2311,Georgios Kalaitzakis,Georgios,Kalaitzakis
2336,Eugene Omoruyi,Eugene,Omoruyi
1885,Billy Garrett,Billy,Garrett
1182,Chase Budinger,Chase,Budinger
1950,Robert Williams,Robert,Williams
2107,Vic Law,Vic,Law
ATL,,Atlanta,Falcons
2255,Ayo Dosunmu,Ayo,Dosunmu
1709,Quinn Cook,Quinn,Cook
1219,Manny Harris,Manny,Harris
1929,Scott Machado,Scott,Machado
1320,Tyler Hansbrough,Tyler,Hansbrough
1890,Jaron Blossomgame,Jaron,Blossomgame
1248,Jared Cunningham,Jared,Cunningham
1370,Michael Beasley,Michael,Beasley
2171,Trent Forrest,Trent,Forrest
1526,Zach LaVine,Zach,LaVine
2118,Patrick Williams,Patrick,Williams
2348,Marcus Garrett,Marcus,Garrett
2201,Breein Tyree,Breein,Tyree
1515,KJ McDaniels,KJ,McDaniels
1548,Kyle Anderson,Kyle,Anderson
2003,Tyler Cook,Tyler,Cook
2345,Jaime Echenique,Jaime,Echenique
1346,Jamaal Tinsley,Jamaal,Tinsley
2018,Norvel Pelle,Norvel,Pelle
1821,Guerschon Yabusele,Guerschon,Yabusele
TEN,,Tennessee,Titans
1838,Jawun Evans,Jawun,Evans
2275,Day'Ron Sharpe,Day'Ron,Sharpe
2106,Vlatko Cancar,Vlatko,Cancar
1066,Lance Stephenson,Lance,Stephenson
1277,Eric Gordon,Eric,Gordon
2254,Cameron Oliver,Cameron,Oliver
2054,Zion Williamson,Zion,Williamson
1939,Jaylen Adams,Jaylen,Adams
1026,Jeremy Tyler,Jeremy,Tyler
2282,Josh Christopher,Josh,Christopher
1048,Andrew Bynum,Andrew,Bynum
1327,Dwight Buycks,Dwight,Buycks
1131,Andre Drummond,Andre,Drummond
2341,Jordan Goodwin,Jordan,Goodwin
1522,Bojan Bogdanovic,Bojan,Bogdanovic
1417,Archie Goodwin,Archie,Goodwin
1575,Sebastian Telfair,Sebastian,Telfair
1724,Marcus Georges-Hunt,Marcus,Georges-Hunt
1598,Kevon Looney,Kevon,Looney
1311,Julyan Stone,Julyan,Stone
1171,Shaun Livingston,Shaun,Livingston
1729,Ben Bentil,Ben,Bentil
2006,Matt Mooney,Matt,Mooney
1391,D.J. Stephens,D.J.,Stephens
1281,Gerald Wallace,Gerald,Wallace
1001,Tornike Shengelia,Tornike,Shengelia
1257,Al Horford,Al,Horford
2212,Deividas Sirvydis,Deividas,Sirvydis
2079,Jarrell Brantley,Jarrell,Brantley
1986,Marvin Bagley,Marvin,Bagley
1338,Antawn Jamison,Antawn,Jamison
2074,Terance Mann,Terance,Mann
1510,Tim Frazier,Tim,Frazier
2247,Bryce Brown,Bryce,Brown
2152,Precious Achiuwa,Precious,Achiuwa
1722,Rodney McGruder,Rodney,McGruder
2338,Aamir Simms,Aamir,Simms
1702,Kyle Wiltjer,Kyle,Wiltjer
2295,Jared Butler,Jared,Butler
2196,Xavier Sneed,Xavier,Sneed
1479,Doron Lamb,Doron,Lamb
1541,Clint Capela,Clint,Capela
1616,Alex Stepheson,Alex,Stepheson
1291,Vander Blue,Vander,Blue
1704,Taurean Prince,Taurean,Prince
2362,Jamorko Pickett,Jamorko,Pickett
1268,Alexis Ajinca,Alexis,Ajinca
2164,Zeke Nnaji,Zeke,Nnaji
1602,T.J. McConnell,T.J.,McConnell
1036,Toure' Murry,Toure',Murry
1902,Jonah Bolden,Jonah,Bolden
1568,Johnny O'Bryant,Johnny,O'Bryant
1483,Solomon Jones,Solomon,Jones
1979,Hamidou Diallo,Hamidou,Diallo
1834,Sindarius Thornwell,Sindarius,Thornwell
1039,Lamar Odom,Lamar,Odom
1421,P.J. Tucker,P.J.,Tucker
1869,Harry Giles,Harry,Giles
1300,Damion James,Damion,James
2133,Anthony Edwards,Anthony,Edwards
1081,Klay Thompson,Klay,Thompson
2298,Jeremiah Robinson-Earl,Jeremiah,Robinson-Earl
2069,Oshae Brissett,Oshae,Brissett
1932,Moritz Wagner,Moritz,Wagner
1315,Amir Johnson,Amir,Johnson
2203,Mason Jones,Mason,Jones
1185,Dante Cunningham,Dante,Cunningham
1961,Duncan Robinson,Duncan,Robinson
1502,Damjan Rudez,Damjan,Rudez
1916,Theo Pinson,Theo,Pinson
2081,Miye Oni,Miye,Oni
1777,Luke Kennard,Luke,Kennard
1817,Jalen Jones,Jalen,Jones
2137,Skylar Mays,Skylar,Mays
1134,Will Bynum,Will,Bynum
2046,Chris Clemons,Chris,Clemons
1651,Cameron Payne,Cameron,Payne
1284,Avery Bradley,Avery,Bradley
1936,Chris Chiozza,Chris,Chiozza
1700,Bobby Brown,Bobby,Brown
1855,Kyle Collinsworth,Kyle,Collinsworth
LAR,,Los Angeles,Rams
1978,Richard Solomon,Richard,Solomon
1571,T.J. Warren,T.J.,Warren
2051,Paul Watson,Paul,Watson
1309,Nando De Colo,Nando,De Colo
1588,Cristiano Felicio,Cristiano,Felicio
2343,Carlik Jones,Carlik,Jones
1264,Al-Farouq Aminu,Al-Farouq,Aminu
2034,Jarrett Culver,Jarrett,Culver
1056,Alonzo Gee,Alonzo,Gee
1446,Wesley Matthews,Wesley,Matthews
2002,Kenny Wooten,Kenny,Wooten
2161,Tyrese Haliburton,Tyrese,Haliburton
2024,Louis King,Louis,King
1098,Darius Johnson-Odom,Darius,Johnson-Odom
1058,Scotty Hopson,Scotty,Hopson
1897,Marcus Derrickson,Marcus,Derrickson
2283,Sharife Cooper,Sharife,Cooper
2189,Yam Madar,Yam,Madar
1587,Devyn Marble,Devyn,Marble
1644,Josh Richardson,Josh,Richardson
1431,Nick Collison,Nick,Collison
2241,Ahmad Caver,Ahmad,Caver
1047,Arinze Onuaku,Arinze,Onuaku
2125,Isaiah Joe,Isaiah,Joe
1997,Daniel Gafford,Daniel,Gafford
2198,Ty-Shon Alexander,Ty-Shon,Alexander
1875,Tyler Lydon,Tyler,Lydon
1063,Danny Granger,Danny,Granger
1086,Hilton Armstrong,Hilton,Armstrong
1205,Jamaal Franklin,Jamaal,Franklin
2332,Yves Pons,Yves,Pons
1573,Jerel McNeal,Jerel,McNeal
1337,Hedo Turkoglu,Hedo,Turkoglu
PIT,,Pittsburgh,Steelers
1478,Quincy Miller,Quincy,Miller
1800,Nigel Hayes,Nigel,Hayes
1340,Matt Barnes,Matt,Barnes
1071,Rasual Butler,Rasual,Butler
1504,James Michael McAdoo,James Michael,McAdoo
1107,Daniel Orton,Daniel,Orton
1211,Nick Calathes,Nick,Calathes
1685,Henry Ellenson,Henry,Ellenson
1814,Andrew White,Andrew,White
1376,O.J. Mayo,O.J.,Mayo
1823,Abdel Nader,Abdel,Nader
1322,Kyle Lowry,Kyle,Lowry
1143,Josh Harrellson,Josh,Harrellson
1093,Marreese Speights,Marreese,Speights
1669,Mindaugas Kuzminskas,Mindaugas,Kuzminskas
2012,Jordan Poole,Jordan,Poole
1656,Duje Dukan,Duje,Dukan
1728,Dorian Finney-Smith,Dorian,Finney-Smith
1683,Sheldon Mac,Sheldon,Mac
1715,Bryn Forbes,Bryn,Forbes
2131,Saddiq Bey,Saddiq,Bey
1011,Carlos Boozer,Carlos,Boozer
1255,Gustavo Ayon,Gustavo,Ayon
2028,Caleb Martin,Caleb,Martin
1945,Trae Young,Trae,Young
1886,Kevin Knox,Kevin,Knox
1520,Jerome Jordan,Jerome,Jordan
1633,RJ Hunter,RJ,Hunter
2374,DJ Steward,DJ,Steward
1605,Stanley Johnson,Stanley,Johnson
1230,Terrence Jones,Terrence,Jones
1330,Blake Griffin,Blake,Griffin
1785,Milton Doyle,Milton,Doyle
1747,Jamal Murray,Jamal,Murray
1643,Justise Winslow,Justise,Winslow
1553,C.J. Wilcox,C.J.,Wilcox
1927,Dusty Hannahs,Dusty,Hannahs
1433,Kevin Durant,Kevin,Durant
1750,Patricio Garino,Patricio,Garino
1620,Larry Nance,Larry,Nance
1652,Pat Connaughton,Pat,Connaughton
2192,Anthony Gill,Anthony,Gill
2188,Jay Scrubb,Jay,Scrubb
2340,M.J. Walker,M.J.,Walker
2270,Isaiah Livers,Isaiah,Livers
1371,Mario Chalmers,Mario,Chalmers
1130,Chauncey Billups,Chauncey,Billups
1067,Chris Copeland,Chris,Copeland
1345,Jeremy Evans,Jeremy,Evans
1808,Antonius Cleveland,Antonius,Cleveland
1591,Thanasis Antetokounmpo,Thanasis,Antetokounmpo
2235,Josh Hall,Josh,Hall
2230,Jordan Ford,Jordan,Ford
1119,Martell Webster,Martell,Webster
1789,Amile Jefferson,Amile,Jefferson
1005,Cartier Martin,Cartier,Martin
1915,Rodions Kurucs,Rodions,Kurucs
1564,Tyler Johnson,Tyler,Johnson
1407,Ish Smith,Ish,Smith
1466,JaVale McGee,JaVale,McGee
1470,Timofey Mozgov,Timofey,Mozgov
1769,Damien Wilkins,Damien,Wilkins
2019,Justin Robinson,Justin,Robinson
1561,Rodney Hood,Rodney,Hood
1901,Haywood Highsmith,Haywood,Highsmith
2285,Trey Murphy,Trey,Murphy
2078,Rayjon Tucker,Rayjon,Tucker
1096,Michael Carter-Williams,Michael,Carter-Williams
1087,MarShon Brooks,MarShon,Brooks
2109,Eric Mika,Eric,Mika
1688,Isaiah Whitehead,Isaiah,Whitehead
1184,Alexey Shved,Alexey,Shved
1454,Mo Williams,Mo,Williams
2309,Jalen Green,Jalen,Green
1663,Paul Zipser,Paul,Zipser
2165,Cole Anthony,Cole,Anthony
1049,Shane Edwards,Shane,Edwards
1871,Bogdan Bogdanovic,Bogdan,Bogdanovic
2033,Jeremiah Martin ,Jeremiah,Martin 
1830,Derrick White,Derrick,White
1566,Henry Walker,Henry,Walker
1543,Patric Young,Patric,Young
1380,Giannis Antetokounmpo,Giannis,Antetokounmpo
1293,Phil Pressey,Phil,Pressey
1626,Lamar Patterson,Lamar,Patterson
1132,Charlie Villanueva,Charlie,Villanueva
2210,Javin DeLaurier,Javin,DeLaurier
1292,Chris Johnson,Chris,Johnson
1880,Jamel Artis,Jamel,Artis
1757,Frank Ntilikina,Frank,Ntilikina
1174,Deron Williams,Deron,Williams
NE,,New England,Patriots
1990,DeVaughn Akoon-Purcell,DeVaughn,Akoon-Purcell
1577,Nik Stauskas,Nik,Stauskas
2120,Isaac Okoro,Isaac,Okoro
2253,Elijah Bryant,Elijah,Bryant
1843,Naz Mitrou-Long,Naz,Mitrou-Long
1206,Marc Gasol,Marc,Gasol
1021,Cole Aldrich,Cole,Aldrich
1263,Ryan Anderson,Ryan,Anderson
1150,Josh McRoberts,Josh,McRoberts
2350,Jeff Dowtin,Jeff,Dowtin
1846,Bam Adebayo,Bam,Adebayo
1106,Elliot Williams,Elliot,Williams
1009,Greg Smith,Greg,Smith
1960,Emanuel Terry,Emanuel,Terry
2386,Brandon Rachal,Brandon,Rachal
1464,DeMarcus Cousins,DeMarcus,Cousins
1145,D.J. White,D.J.,White
2390,John Petty,John,Petty
2359,Javonte Smart,Javonte,Smart
1695,Andrew Harrison,Andrew,Harrison
1418,Emeka Okafor,Emeka,Okafor
2179,LaMelo Ball,LaMelo,Ball
1930,Johnathan Williams,Johnathan,Williams
1212,Tony Allen,Tony,Allen
2130,Grant Riller,Grant,Riller
1995,Isaiah Briscoe,Isaiah,Briscoe
1451,Joel Freeland,Joel,Freeland
1438,Hasheem Thabeet,Hasheem,Thabeet
1586,Elfrid Payton,Elfrid,Payton
1158,Kemba Walker,Kemba,Walker
2168,Ashton Hagans,Ashton,Hagans
1500,Joe Harris,Joe,Harris
1075,Festus Ezeli,Festus,Ezeli
1631,Jordan Mickey,Jordan,Mickey
1358,Derrick Favors,Derrick,Favors
1465,Hamady Ndiaye,Hamady,Ndiaye
1000,Jimmy Butler,Jimmy,Butler
1859,Shaquille Harrison,Shaquille,Harrison
1604,Kelly Oubre,Kelly,Oubre
1188,Ronny Turiaf,Ronny,Turiaf
2389,Damien Jefferson,Damien,Jefferson
1387,Ekpe Udoh,Ekpe,Udoh
CLE,,Cleveland,Browns
1933,Gary Clark,Gary,Clark
1302,Matt Bonner,Matt,Bonner
1312,Steve Novak,Steve,Novak
1574,Mitch McGary,Mitch,McGary
1239,Isaiah Canaan,Isaiah,Canaan
1877,Wes Iwundu,Wes,Iwundu
1648,Devin Booker,Devin,Booker
2268,Luka Garza,Luka,Garza
1179,Marcus Thornton,Marcus,Thornton
1737,Tyler Ulis,Tyler,Ulis
2240,Simi Shittu,Simi,Shittu
2252,Luca Vildoza,Luca,Vildoza
2086,Tyler Herro,Tyler,Herro
1477,Wilson Chandler,Wilson,Chandler
1732,Jonathan Gibson,Jonathan,Gibson
1434,Russell Westbrook,Russell,Westbrook
1287,Jared Sullinger,Jared,Sullinger
2246,Kaiser Gates,Kaiser,Gates
1187,Kevin Love,Kevin,Love
1286,Vitor Faverani,Vitor,Faverani
1366,Roger Mason,Roger,Mason
1215,Wesley Johnson,Wesley,Johnson
1161,Justin Hamilton,Justin,Hamilton
2233,Naji Marshall,Naji,Marshall
1953,Lonnie Walker,Lonnie,Walker
1719,Brice Johnson,Brice,Johnson
1523,Adreian Payne,Adreian,Payne
1622,Anthony Brown,Anthony,Brown
1627,Edy Tavares,Edy,Tavares
1232,Robert Covington,Robert,Covington
1835,C.J. Williams,C.J.,Williams
1529,Kalin Lucas,Kalin,Lucas
1097,Nerlens Noel,Nerlens,Noel
1051,Anthony Bennett,Anthony,Bennett
2094,Jalen Lecque,Jalen,Lecque
1489,Victor Oladipo,Victor,Oladipo
1542,Jarell Eddie,Jarell,Eddie
1786,James Webb,James,Webb
1873,Monte Morris,Monte,Morris
1771,Chris Boucher,Chris,Boucher
2194,Dwayne Sutton,Dwayne,Sutton
1790,Vincent Hunter,Vincent,Hunter
1713,Dejounte Murray,Dejounte,Murray
1837,Tyrone Wallace,Tyrone,Wallace
1455,Robin Lopez,Robin,Lopez
1395,Jose Calderon,Jose,Calderon
2265,Charles Bassey,Charles,Bassey
2108,Marques Bolden,Marques,Bolden
1797,Thomas Bryant,Thomas,Bryant
1313,Chuck Hayes,Chuck,Hayes
1775,Mike Young,Mike,Young
2052,Charlie Brown,Charlie,Brown
1975,Mikal Bridges,Mikal,Bridges
1484,E'Twaun Moore,E'Twaun,Moore
2368,Isaiah Miller,Isaiah,Miller
2211,Kahlil Whitney,Kahlil,Whitney
1077,Andrew Bogut,Andrew,Bogut
2312,Isaiah Todd,Isaiah,Todd
2257,Jericho Sims,Jericho,Sims
SEA,,Seattle,Seahawks
1679,Shawn Long,Shawn,Long
1381,Nate Wolters,Nate,Wolters
1344,Darren Collison,Darren,Collison
1677,Sergio Rodriguez,Sergio,Rodriguez
2296,Sandro Mamukelashvili,Sandro,Mamukelashvili
2250,Gabriel Deck,Gabriel,Deck
2289,Scottie Barnes,Scottie,Barnes
2324,Justin Champagnie,Justin,Champagnie
2153,Jordan Nwora,Jordan,Nwora
1341,Glen Davis,Glen,Davis
HOU,,Houston,Texans
1899,Landry Shamet,Landry,Shamet
1511,Joel Embiid,Joel,Embiid
1357,Gordon Hayward,Gordon,Hayward
2064,Carsen Edwards,Carsen,Edwards
1740,Alex Abrines,Alex,Abrines
1584,Joffrey Lauvergne,Joffrey,Lauvergne
2053,Jaxson Hayes,Jaxson,Hayes
1325,Aaron Gray,Aaron,Gray
1487,Tobias Harris,Tobias,Harris
2067,Quinndary Weatherspoon,Quinndary,Weatherspoon
1088,David Lee,David,Lee
2379,Tyler Hall,Tyler,Hall
1989,Thomas Welsh,Thomas,Welsh
1518,Noah Vonleh,Noah,Vonleh
1505,Glenn Robinson,Glenn,Robinson
1062,Roy Hibbert,Roy,Hibbert
1938,Vincent Edwards,Vincent,Edwards
1460,Ray McCallum,Ray,McCallum
2242,Bennie Boatwright,Bennie,Boatwright
1420,Eric Bledsoe,Eric,Bledsoe
1935,Trevon Duval,Trevon,Duval
2043,Talen Horton-Tucker,Talen,Horton-Tucker
1892,Collin Sexton,Collin,Sexton
2195,Anthony Lamb,Anthony,Lamb
1359,Marvin Williams,Marvin,Williams
1141,Kentavious Caldwell-Pope,Kentavious,Caldwell-Pope
1947,Trevon Bluiett,Trevon,Bluiett
2134,Robert Woodard,Robert,Woodard
1854,Jameel Warney,Jameel,Warney
1827,Kadeem Allen,Kadeem,Allen
1585,Aaron Gordon,Aaron,Gordon
1684,Michael Gbinije,Michael,Gbinije
1525,Andrew Wiggins,Andrew,Wiggins
2344,Feron Hunt,Feron,Hunt
1582,Erick Green,Erick,Green
2039,John Konchar,John,Konchar
1965,Bonzie Colson,Bonzie,Colson
1321,DeMar DeRozan,DeMar,DeRozan
2297,Tre Mann,Tre,Mann
1874,Torrey Craig,Torrey,Craig
1042,Dion Waiters,Dion,Waiters
1811,Josh Magette,Josh,Magette
1922,Jared Terrell,Jared,Terrell
1595,Myles Turner,Myles,Turner
1103,James Nunnally,James,Nunnally
2243,Tre Scott,Tre,Scott
1308,Kawhi Leonard,Kawhi,Leonard
1405,Shawn Marion,Shawn,Marion
1197,Gorgui Dieng,Gorgui,Dieng
2278,Cameron Thomas,Cameron,Thomas
2045,Devontae Cacok,Devontae,Cacok
1108,Jason Richardson,Jason,Richardson
1475,Evan Fournier,Evan,Fournier
1536,Jabari Brown,Jabari,Brown
2147,Malachi Flynn,Malachi,Flynn
1503,Justin Holiday,Justin,Holiday
2040,Ja Morant,Ja,Morant
1803,Josh Hart,Josh,Hart
2172,Omer Yurtseven,Omer,Yurtseven
1306,Tony Parker,Tony,Parker
1872,De'Aaron Fox,De'Aaron,Fox
1159,Jeff Adrien,Jeff,Adrien
1831,OG Anunoby,OG,Anunoby
1509,Furkan Aldemir,Furkan,Aldemir
1428,Perry Jones III,Perry,Jones III
2238,Devin Cannady,Devin,Cannady
1959,Grayson Allen,Grayson,Allen
2328,Matthew Hurt,Matthew,Hurt
1703,Chinanu Onuaku,Chinanu,Onuaku
1457,Ben McLemore,Ben,McLemore
2208,Charles Matthews,Charles,Matthews
1163,Michael Kidd-Gilchrist,Michael,Kidd-Gilchrist
2059,Javonte Green,Javonte,Green
1055,Spencer Hawes,Spencer,Hawes
2308,Alperen Sengun,Alperen,Sengun
1052,Jarrett Jack,Jarrett,Jack
2315,Joel Ayayi,Joel,Ayayi
1430,Ryan Gomes,Ryan,Gomes
1937,Michael Frazier,Michael,Frazier
1135,Greg Monroe,Greg,Monroe
1941,Kevin Huerter,Kevin,Huerter
1486,Nikola Vucevic,Nikola,Vucevic
2322,Jose Alvarado,Jose,Alvarado
1607,Justin Harper,Justin,Harper
1841,Royce O'Neale,Royce,O'Neale
2187,Marko Simonovic,Marko,Simonovic
1396,Bernard James,Bernard,James
1079,Nemanja Nedovic,Nemanja,Nedovic
1589,Bobby Portis,Bobby,Portis
1164,Andrei Kirilenko,Andrei,Kirilenko
1839,Milos Teodosic,Milos,Teodosic
2092,Tariq Owens,Tariq,Owens
1401,Brandan Wright,Brandan,Wright
2181,Deni Avdija,Deni,Avdija
1810,Jaylen Morris,Jaylen,Morris
1999,Max Strus,Max,Strus
1382,Carlos Delfino,Carlos,Delfino
1516,Spencer Dinwiddie,Spencer,Dinwiddie
1207,Quincy Pondexter,Quincy,Pondexter
1043,Anderson Varejao,Anderson,Varejao
2318,Keifer Sykes,Keifer,Sykes
1090,Steve Blake,Steve,Blake
1778,Reggie Hearn,Reggie,Hearn
1348,Richard Jefferson,Richard,Jefferson
1898,Zhaire Smith,Zhaire,Smith
2363,David Duke,David,Duke
2085,KZ Okpala,KZ,Okpala
1379,Chris Wright,Chris,Wright
1118,Trevor Booker,Trevor,Booker
1528,Hassan Whiteside,Hassan,Whiteside
1629,John Holland,John,Holland
1614,Tyus Jones,Tyus,Jones
1655,Willie Cauley-Stein,Willie,Cauley-Stein
1127,Jan Vesely,Jan,Vesely
2143,Desmond Bane,Desmond,Bane
1836,Jamil Wilson,Jamil,Wilson
1336,Jamal Crawford,Jamal,Crawford
2377,Nate Renfro,Nate,Renfro
1228,Kobe Bryant,Kobe,Bryant
1393,Devin Harris,Devin,Harris
1183,Corey Brewer,Corey,Brewer
2014,Eric Paschall,Eric,Paschall
1887,Mitchell Robinson,Mitchell,Robinson
2090,Ty Jerome,Ty,Jerome
1413,Leandro Barbosa,Leandro,Barbosa
1801,Alex Caruso,Alex,Caruso
2371,Jordan Schakel,Jordan,Schakel
2091,Cameron Johnson,Cameron,Johnson
1316,Landry Fields,Landry,Fields
2366,Johnny Hamilton,Johnny,Hamilton
LV,,Las Vegas,Raiders
1706,DeAndre' Bembry,DeAndre',Bembry
2184,Theo Maledon,Theo,Maledon
2319,Ishmail Wainright,Ishmail,Wainright
1415,Channing Frye,Channing,Frye
1027,Carmelo Anthony,Carmelo,Anthony
1748,Juancho Hernangomez,Juancho,Hernangomez
2327,Arnoldas Kulboka,Arnoldas,Kulboka
2037,Jordan McLaughlin,Jordan,McLaughlin
1469,Nate Robinson,Nate,Robinson
1948,Dairis Bertans,Dairis,Bertans
2027,Jalen McDaniels,Jalen,McDaniels
1676,Ben Simmons,Ben,Simmons
2035,Jaylen Nowell,Jaylen,Nowell
2215,Jordan Bowden,Jordan,Bowden
1441,Thomas Robinson,Thomas,Robinson
1351,Brandon Rush,Brandon,Rush
1422,Goran Dragic,Goran,Dragic
1770,Jordan Bell,Jordan,Bell
2136,Onyeka Okongwu,Onyeka,Okongwu
2173,Markus Howard,Markus,Howard
1271,Luke Babbitt,Luke,Babbitt
1432,Steven Adams,Steven,Adams
1969,Kostas Antetokounmpo,Kostas,Antetokounmpo
1639,J.J. O'Brien,J.J.,O'Brien
1468,Danilo Gallinari,Danilo,Gallinari
1324,John Salmons,John,Salmons
1508,Drew Gordon,Drew,Gordon
1796,Ivan Rabb,Ivan,Rabb
2220,LiAngelo Ball,LiAngelo,Ball
1818,Mike James,Mike,James
1245,Francisco Garcia,Francisco,Garcia
2022,Anzejs Pasecniks,Anzejs,Pasecniks
2227,Kevon Harris,Kevon,Harris
1445,Allen Crabbe,Allen,Crabbe
2249,Armoni Brooks,Armoni,Brooks
1699,David Nwaba,David,Nwaba
1879,Jonathan Isaac,Jonathan,Isaac
1323,Patrick Patterson,Patrick,Patterson
1491,Kyle O'Quinn,Kyle,O'Quinn
1653,Luis Montero,Luis,Montero
1931,Jemerrio Jones,Jemerrio,Jones
1908,Keenan Evans,Keenan,Evans
1660,Mario Hezonja,Mario,Hezonja
1878,Rodney Purvis,Rodney,Purvis
1742,Tim Quarterman,Tim,Quarterman
2157,Immanuel Quickley,Immanuel,Quickley
1692,Troy Williams,Troy,Williams
1270,Josh Childress,Josh,Childress
2352,Ethan Thompson,Ethan,Thompson
1361,James Jones,James,Jones
2087,Chris Silva,Chris,Silva
1618,Xavier Munford,Xavier,Munford
2026,Sekou Doumbouya,Sekou,Doumbouya
2256,Miles McBride,Miles,McBride
1957,Shai Gilgeous-Alexander,Shai,Gilgeous-Alexander
1173,Jason Terry,Jason,Terry
1190,Derrick Williams,Derrick,Williams
2005,Dylan Windler,Dylan,Windler
1283,Rajon Rondo,Rajon,Rondo
1606,Darrun Hilliard,Darrun,Hilliard
1116,John Wall,John,Wall
2349,JaQuori McLaughlin,JaQuori,McLaughlin
LAC,,Los Angeles,Chargers
1237,Patrick Beverley,Patrick,Beverley
1984,Cody Demps,Cody,Demps
1372,Shane Battier,Shane,Battier
2141,Nick Richards,Nick,Richards
1193,J.J. Barea,J.J.,Barea
1862,Daniel Hamilton,Daniel,Hamilton
1029,Tim Hardaway,Tim,Hardaway
1917,Dzanan Musa,Dzanan,Musa
2206,Amida Brimah,Amida,Brimah
1943,Isaac Humphries,Isaac,Humphries
1471,Kenneth Faried,Kenneth,Faried
2387,Ibi Watson,Ibi,Watson
BAL,,Baltimore,Ravens
2100,Moses Brown,Moses,Brown
1698,Brandon Ingram,Brandon,Ingram
1956,Angel Delgado,Angel,Delgado
1290,Keith Bogans,Keith,Bogans
1364,Greg Oden,Greg,Oden
1384,Caron Butler,Caron,Butler
1394,Wayne Ellington,Wayne,Ellington
2260,Isaiah Jackson,Isaiah,Jackson
1759,Luke Kornet,Luke,Kornet
1488,Andrew Nicholson,Andrew,Nicholson
1247,Elton Brand,Elton,Brand
1826,Semi Ojeleye,Semi,Ojeleye
1974,Deandre Ayton,Deandre,Ayton
1427,Reggie Jackson,Reggie,Jackson
1167,Joe Johnson,Joe,Johnson
1563,James Ennis,James,Ennis
1317,Rudy Gay,Rudy,Gay
1064,Solomon Hill,Solomon,Hill
1910,Devonte' Graham,Devonte',Graham
2237,Kaleb Wesson,Kaleb,Wesson
1955,Jerome Robinson,Jerome,Robinson
1579,David Stockton,David,Stockton
2007,Darius Garland,Darius,Garland
1767,Ike Anigbogu,Ike,Anigbogu
1565,Zoran Dragic,Zoran,Dragic
2222,Ade Murkey,Ade,Murkey
1544,Andre Dawkins,Andre,Dawkins
1390,Larry Sanders,Larry,Sanders
1888,Allonzo Trier,Allonzo,Trier
2138,Elijah Hughes,Elijah,Hughes
1059,David West,David,West
1966,Ray Spalding,Ray,Spalding
2112,Malik Newman,Malik,Newman
1988,Michael Porter,Michael,Porter
1436,Serge Ibaka,Serge,Ibaka
1329,Jared Dudley,Jared,Dudley
1853,Gian Clavell,Gian,Clavell
1025,Earl Clark,Earl,Clark
1332,Sasha Vujacic,Sasha,Vujacic
1705,Malcolm Delaney,Malcolm,Delaney
1738,Marquese Chriss,Marquese,Chriss
1896,Jacob Evans,Jacob,Evans
1217,Pau Gasol,Pau,Gasol
1538,Nick Johnson,Nick,Johnson
1389,Brandon Knight,Brandon,Knight
1223,Kendall Marshall,Kendall,Marshall
2160,CJ Elleby,CJ,Elleby
1024,Iman Shumpert,Iman,Shumpert
1727,Malcolm Brogdon,Malcolm,Brogdon
1214,Robert Sacre,Robert,Sacre
1426,Thabo Sefolosha,Thabo,Sefolosha
PHI,,Philadelphia,Eagles
1758,Isaiah Hicks,Isaiah,Hicks
1220,Shawne Williams,Shawne,Williams
1926,Yuta Watanabe,Yuta,Watanabe
1331,Ryan Hollins,Ryan,Hollins
1753,Ryan Arcidiacono,Ryan,Arcidiacono
1175,Mason Plumlee,Mason,Plumlee
2369,Matt Lewis,Matt,Lewis
2062,Tremont Waters,Tremont,Waters
1459,Travis Outlaw,Travis,Outlaw
1133,Jonas Jerebko,Jonas,Jerebko
1743,Jake Layman,Jake,Layman
1682,Tomas Satoransky,Tomas,Satoransky
2317,Jock Landale,Jock,Landale
1994,Mo Bamba,Mo,Bamba
2001,RJ Barrett,RJ,Barrett
1388,John Henson,John,Henson
2148,Jalen Harris,Jalen,Harris
2245,Shaq Buchanan,Shaq,Buchanan
1203,Kosta Koufos,Kosta,Koufos
2159,Isaiah Stewart,Isaiah,Stewart
JAX,,Jacksonville,Jaguars
1104,Thaddeus Young,Thaddeus,Young
2072,Dewan Hernandez,Dewan,Hernandez
1689,Yogi Ferrell,Yogi,Ferrell
2060,Vincent Poirier,Vincent,Poirier
1675,Timothe Luwawu-Cabarrot,Timothe,Luwawu-Cabarrot
1368,DeAndre Liggins,DeAndre,Liggins
1169,Jorge Gutierrez,Jorge,Gutierrez
1233,Chandler Parsons,Chandler,Parsons
2113,Donta Hall,Donta,Hall
2218,Will Magnay,Will,Magnay
1613,Karl-Anthony Towns,Karl-Anthony,Towns
1865,PJ Dozier,PJ,Dozier
2124,Nico Mannion,Nico,Mannion
1858,Davon Reed,Davon,Reed
1374,Norris Cole,Norris,Cole
1192,Luc Mbah a Moute,Luc,Mbah a Moute
2351,Hassani Gravett,Hassani,Gravett
1031,JR Smith,JR,Smith
1227,Xavier Henry,Xavier,Henry
1125,Marcin Gortat,Marcin,Gortat
2214,Nate Hinton,Nate,Hinton
1241,Dwight Howard,Dwight,Howard
1751,Stephen Zimmerman,Stephen,Zimmerman
1840,Erik McCree,Erik,McCree
1580,Eric Moreland,Eric,Moreland
1895,Aaron Holiday,Aaron,Holiday
2127,Tyler Bey,Tyler,Bey
1918,Tahjere McCall,Tahjere,McCall
2274,Scottie Lewis,Scottie,Lewis
GB,,Green Bay,Packers
1002,Marquis Teague,Marquis,Teague
1044,Henry Sims,Henry,Sims
1735,Dragan Bender,Dragan,Bender
1258,Mike Scott,Mike,Scott
2047,William Howard,William,Howard
2128,Paul Reed,Paul,Reed
1608,Aaron Harrison,Aaron,Harrison
1041,Seth Curry,Seth,Curry
1194,Shabazz Muhammad,Shabazz,Muhammad
1825,Jabari Bird,Jabari,Bird
1991,Brandon Goodwin,Brandon,Goodwin
1492,Doug McDermott,Doug,McDermott
1954,Jordan Loyd,Jordan,Loyd
1519,Markel Brown,Markel,Brown
1256,Kyle Korver,Kyle,Korver
1199,Mike Miller,Mike,Miller
1716,Pascal Siakam,Pascal,Siakam
1424,Grant Jerrett,Grant,Jerrett
1636,Delon Wright,Delon,Wright
2357,Mitch Ballock,Mitch,Ballock
1114,Drew Gooden,Drew,Gooden
1912,J.P. Macura,J.P.,Macura
1176,Reggie Evans,Reggie,Evans
NYG,,New York,Giants
1038,Beno Udrih,Beno,Udrih
1882,Chandler Hutchison,Chandler,Hutchison
1053,Tyler Zeller,Tyler,Zeller
1022,Shannon Brown,Shannon,Brown
1392,Monta Ellis,Monta,Ellis
2101,Nassir Little,Nassir,Little
1493,Nikola Mirotic,Nikola,Mirotic
1951,Drew Eubanks,Drew,Eubanks
1386,Ersan Ilyasova,Ersan,Ilyasova
1667,Ron Baker,Ron,Baker
1517,P.J. Hairston,P.J.,Hairston
1490,Maurice Harkless,Maurice,Harkless
1530,Russ Smith,Russ,Smith
1712,Nicolas Laprovittola,Nicolas,Laprovittola
1780,Dwayne Bacon,Dwayne,Bacon
1907,Svi Mykhailiuk,Svi,Mykhailiuk
1298,Cory Joseph,Cory,Joseph
2030,Cody Martin,Cody,Martin
1140,Tony Mitchell,Tony,Mitchell
1708,Cheick Diallo,Cheick,Diallo
1496,Langston Galloway,Langston,Galloway
1149,Jeff Taylor,Jeff,Taylor
IND,,Indianapolis,Colts
1673,Damian Jones,Damian,Jones
1944,BJ Johnson,BJ,Johnson
1054,Kyrie Irving,Kyrie,Irving
2044,Zach Norvell,Zach,Norvell
2199,Greg Whittington,Greg,Whittington
1928,Isaac Bonga,Isaac,Bonga
2175,Myles Powell,Myles,Powell
2224,EJ Montgomery,EJ,Montgomery
2391,L.J. Figueroa,L.J.,Figueroa
1772,Markelle Fultz,Markelle,Fultz
1229,Jeremy Lin,Jeremy,Lin
1303,Austin Daye,Austin,Daye
1545,James Young,James,Young
1225,Nick Young,Nick,Young
1590,Kristaps Porzingis,Kristaps,Porzingis
1623,Sam Dekker,Sam,Dekker
1832,Alfonzo McKinnie,Alfonzo,McKinnie
2105,Bol Bol,Bol,Bol
NYJ,,New York,Jets
1678,Alex Poythress,Alex,Poythress
1779,Malik Monk,Malik,Monk
2305,Jalen Suggs,Jalen,Suggs
2326,Chris Smith,Chris,Smith
1668,Chasson Randle,Chasson,Randle
1794,Omari Johnson,Omari,Johnson
1781,Mangok Mathiang,Mangok,Mathiang
2036,Naz Reid,Naz,Reid
1828,Brandon Paul,Brandon,Paul
1513,Malcolm Lee,Malcolm,Lee
1343,JJ Redick,JJ,Redick
2226,Freddie Gillespie,Freddie,Gillespie
CIN,,Cincinnati,Bengals
2335,Jay Huff,Jay,Huff
2140,Kira Lewis,Kira,Lewis
2116,Jontay Porter,Jontay,Porter
1645,Rashad Vaughn,Rashad,Vaughn
2263,Filip Petrusev,Filip,Petrusev
2342,EJ Onu,EJ,Onu
1812,Tyler Dorsey,Tyler,Dorsey
2375,Matt Ryan,Matt,Ryan
1681,Daniel Ochefu,Daniel,Ochefu
1741,Semaj Christon,Semaj,Christon
1437,Royal Ivey,Royal,Ivey
1524,Sean Kilpatrick,Sean,Kilpatrick
2334,Mac McClung,Mac,McClung
1148,Gerald Henderson,Gerald,Henderson
1253,Jeff Teague,Jeff,Teague
2228,Tres Tinkle,Tres,Tinkle
1555,Dante Exum,Dante,Exum
1756,Damyean Dotson,Damyean,Dotson
1501,Shayne Whittington,Shayne,Whittington
1028,Andrea Bargnani,Andrea,Bargnani
1375,Chris Bosh,Chris,Bosh
2163,Xavier Tillman,Xavier,Tillman
1646,Salah Mejri,Salah,Mejri
1761,London Perrantes,London,Perrantes
1120,Trevor Ariza,Trevor,Ariza
2122,James Wiseman,James,Wiseman
1765,T.J. Leaf,T.J.,Leaf
2248,Trey Mourning,Trey,Mourning
2200,Killian Tillie,Killian,Tillie
1289,Joel Anthony,Joel,Anthony
MIA,,Miami,Dolphins
1177,Jason Collins,Jason,Collins
2314,Rokas Jokubaitis,Rokas,Jokubaitis
1447,Will Barton,Will,Barton
1628,Bryce Dejean-Jones,Bryce,Dejean-Jones
1074,Paul George,Paul,George
2126,Tyrese Maxey,Tyrese,Maxey
1806,Zhou Qi,Zhou,Qi
1745,Malachi Richardson,Malachi,Richardson
1462,Carl Landry,Carl,Landry
2042,Marko Guduric,Marko,Guduric
1976,George King,George,King
1412,Alex Len,Alex,Len
2132,Daniel Oturu,Daniel,Oturu
2065,Keldon Johnson,Keldon,Johnson
2177,Nathan Knight,Nathan,Knight
2279,Marcus Zegarowski,Marcus,Zegarowski
1485,Jameer Nelson,Jameer,Nelson
1693,Wade Baldwin,Wade,Baldwin
1153,Al Jefferson,Al,Jefferson
1784,Jacob Wiley,Jacob,Wiley
1603,Richaun Holmes,Richaun,Holmes
1788,Justin Patton,Justin,Patton
1949,Brad Wanamaker,Brad,Wanamaker
1122,Andre Miller,Andre,Miller
2251,Didi Louzada,Didi,Louzada
2129,Vernon Carey,Vernon,Carey
1353,Enes Kanter,Enes,Kanter
2076,Nigel Williams-Goss,Nigel,Williams-Goss
CAR,,Carolina,Panthers
1180,Tyshawn Taylor,Tyshawn,Taylor
2244,Christian Vital,Christian,Vital
1569,Damien Inglis,Damien,Inglis
1913,Miles Bridges,Miles,Bridges
1065,Orlando Johnson,Orlando,Johnson
1035,Raymond Felton,Raymond,Felton
1773,Jacob Pullen,Jacob,Pullen
2320,Duane Washington,Duane,Washington
2021,Garrison Mathews,Garrison,Mathews
1866,Zach Collins,Zach,Collins
1178,Brook Lopez,Brook,Lopez
1763,Ante Zizic,Ante,Zizic
1799,Kyle Kuzma,Kyle,Kuzma
1547,Dwight Powell,Dwight,Powell
1497,Travis Wear,Travis,Wear
1335,Stephen Jackson,Stephen,Jackson
1144,Jannero Pargo,Jannero,Pargo
1940,Jordan Sibert,Jordan,Sibert
1040,Carrick Felix,Carrick,Felix
2096,Kevin Hervey,Kevin,Hervey
1567,Tyler Ennis,Tyler,Ennis
2117,Chuma Okeke,Chuma,Okeke
1138,Rodney Stuckey,Rodney,Stuckey
2262,Moses Moody,Moses,Moody
2097,Darius Bazley,Darius,Bazley
1128,Bradley Beal,Bradley,Beal
2209,Nate Darling,Nate,Darling
1637,Norman Powell,Norman,Powell
1733,Nicolas Brussino,Nicolas,Brussino
2301,Davion Mitchell,Davion,Mitchell
1473,J.J. Hickson,J.J.,Hickson
1061,Ian Mahinmi,Ian,Mahinmi
1222,Jordan Hill,Jordan,Hill
1540,Joey Dorsey,Joey,Dorsey
1236,Donatas Motiejunas,Donatas,Motiejunas
2330,Aaron Henry,Aaron,Henry
1672,Patrick McCaw,Patrick,McCaw
1612,Nemanja Bjelica,Nemanja,Bjelica
1282,Kelly Olynyk,Kelly,Olynyk
2023,Admiral Schofield,Admiral,Schofield
1307,Aron Baynes,Aron,Baynes
1403,Jae Crowder,Jae,Crowder
1749,Malik Beasley,Malik,Beasley
2347,Daishen Nix,Daishen,Nix
2381,Romeo Weems,Romeo,Weems
2287,Joshua Primo,Joshua,Primo
1266,Jeff Withey,Jeff,Withey
1123,Kevin Seraphin,Kevin,Seraphin
1318,Terrence Ross,Terrence,Ross
1641,Raul Neto,Raul,Neto
1551,Lester Hudson,Lester,Hudson
1073,C.J. Watson,C.J.,Watson
2186,R.J. Hampton,R.J.,Hampton
1288,Brandon Bass,Brandon,Bass
1795,Kobi Simmons,Kobi,Simmons
1151,Gary Neal,Gary,Neal
1718,Jakob Poeltl,Jakob,Poeltl
2300,Greg Brown,Greg,Brown
2304,Franz Wagner,Franz,Wagner
2111,Juan Toscano-Anderson,Juan,Toscano-Anderson
2180,Leandro Bolmaro,Leandro,Bolmaro
1008,Luol Deng,Luol,Deng
2032,Nicolas Claxton,Nicolas,Claxton
1084,Toney Douglas,Toney,Douglas
2055,Nickeil Alexander-Walker,Nickeil,Alexander-Walker
2337,MaCio Teague,MaCio,Teague
1632,Terry Rozier,Terry,Rozier
2310,Juhann Begarin,Juhann,Begarin
1662,Denzel Valentine,Denzel,Valentine
2231,Yoeli Childs,Yoeli,Childs
1004,Kirk Hinrich,Kirk,Hinrich
1410,Markieff Morris,Markieff,Morris
1849,Sterling Brown,Sterling,Brown
1112,Hollis Thompson,Hollis,Thompson
1273,Brian Roberts,Brian,Roberts
2353,Malcolm Hill,Malcolm,Hill
1532,JaMychal Green,JaMychal,Green
1671,Georges Niang,Georges,Niang
1259,Shelvin Mack,Shelvin,Mack
1762,Cedi Osman,Cedi,Osman
2068,Matt Thomas,Matt,Thomas
1452,Dorell Wright,Dorell,Wright
1014,Jimmer Fredette,Jimmer,Fredette
1946,Kenrich Williams,Kenrich,Williams
1398,DeJuan Blair,DeJuan,Blair
2083,Kyle Alexander,Kyle,Alexander
1110,Eric Maynor,Eric,Maynor
1046,Sergey Karasev,Sergey,Karasev
1556,Jack Cooley,Jack,Cooley
2155,Josh Green,Josh,Green
1310,Jeff Ayres,Jeff,Ayres
2291,David Johnson,David,Johnson
1889,Deng Adel,Deng,Adel
1870,Frank Mason,Frank,Mason
1373,Udonis Haslem,Udonis,Haslem
2190,KJ Martin,KJ,Martin
1261,Anthony Morrow,Anthony,Morrow
2166,Devon Dotson,Devon,Dotson
2388,Marcus Foster,Marcus,Foster
1082,Draymond Green,Draymond,Green
1972,De'Anthony Melton,De'Anthony,Melton
1269,Melvin Ely,Melvin,Ely
NO,,New Orleans,Saints
2162,Jahmi'us Ramsey,Jahmi'us,Ramsey
1377,Zaza Pachulia,Zaza,Pachulia
1201,Courtney Lee,Courtney,Lee
1546,Marcus Smart,Marcus,Smart
1032,Amar'e Stoudemire,Amar'e,Stoudemire
2272,JT Thor,JT,Thor
2061,Grant Williams,Grant,Williams
1847,Matt Williams,Matt,Williams
1962,Yante Maten,Yante,Maten
1906,Zach Lofton,Zach,Lofton
SF,,San Francisco,49ers
1010,Mike James,Mike,James
1973,Elie Okobo,Elie,Okobo
1970,Luka Doncic,Luka,Doncic
1204,Ed Davis,Ed,Davis
1246,Lou Williams,Lou,Williams
2008,Dean Wade,Dean,Wade
2365,D.J. Stewart,D.J.,Stewart
DAL,,Dallas,Cowboys
2277,Kessler Edwards,Kessler,Edwards
2364,DJ Carton,DJ,Carton
1787,Jarrett Allen,Jarrett,Allen
1904,Tarik Phillip,Tarik,Phillip
2290,Dalano Banton,Dalano,Banton
1805,Aaron Jackson,Aaron,Jackson
1919,Cameron Reynolds,Cameron,Reynolds
2077,Justin Wright-Foreman,Justin,Wright-Foreman
2269,Balsa Koprivica,Balsa,Koprivica
2292,Brandon Boston,Brandon,Boston
1152,Brendan Haywood,Brendan,Haywood
1272,Anthony Davis,Anthony,Davis
1864,Terrance Ferguson,Terrance,Ferguson
2331,Daulton Hommes,Daulton,Hommes
1687,Mike Tobey,Mike,Tobey
1730,AJ Hammons,AJ,Hammons
1101,Adonis Thomas,Adonis,Thomas
1809,John Collins,John,Collins
1594,Jordan McRae,Jordan,McRae
1845,Donovan Mitchell,Donovan,Mitchell
1250,Paul Millsap,Paul,Millsap
1891,Billy Preston,Billy,Preston
1559,Joe Ingles,Joe,Ingles
1210,Zach Randolph,Zach,Randolph
1610,Chris McCullough,Chris,McCullough
1670,Kay Felder,Kay,Felder
1442,LaMarcus Aldridge,LaMarcus,Aldridge
1755,Antonio Blakeney,Antonio,Blakeney
2057,Zylan Cheatham,Zylan,Cheatham
1481,Jason Maxiell,Jason,Maxiell
1609,Frank Kaminsky,Frank,Kaminsky
1867,Caleb Swanigan,Caleb,Swanigan
1060,Evan Turner,Evan,Turner
1512,Jerami Grant,Jerami,Grant
1701,Isaiah Taylor,Isaiah,Taylor
1362,LeBron James,LeBron,James
2325,Trendon Watford,Trendon,Watford
1458,Jason Thompson,Jason,Thompson
2170,Zavier Simpson,Zavier,Simpson
1224,Elias Harris,Elias,Harris
DEN,,Denver,Broncos
1365,Ray Allen,Ray,Allen
2099,Jaylen Hoard,Jaylen,Hoard
1100,James Anderson,James,Anderson
1739,Domantas Sabonis,Domantas,Sabonis
1744,Georgios Papagiannis,Georgios,Papagiannis
1638,Branden Dawson,Branden,Dawson
1881,Brandon Sampson,Brandon,Sampson
2376,Aric Holman,Aric,Holman
1760,Marcus Thornton,Marcus,Thornton
1425,Mustafa Shakur,Mustafa,Shakur
1068,Donald Sloan,Donald,Sloan
1816,Walter Lemon,Walter,Lemon
2158,Cassius Winston,Cassius,Winston
1356,Ian Clark,Ian,Clark
1162,Cody Zeller,Cody,Zeller
2281,Santi Aldama,Santi,Aldama
1480,Ronnie Price,Ronnie,Price
1037,Kenyon Martin,Kenyon,Martin
1934,Isaiah Hartenstein,Isaiah,Hartenstein
1642,Tibor Pleiss,Tibor,Pleiss
1581,Gary Harris,Gary,Harris
2202,Paul Eboua,Paul,Eboua
1665,Maurice N'dour,Maurice,N'dour
2016,Marial Shayok,Marial,Shayok
2093,Jared Harper,Jared,Harper
1499,Alex Kirk,Alex,Kirk
1625,Montrezl Harrell,Montrezl,Harrell
1717,Fred VanVleet,Fred,VanVleet
2183,Aleksej Pokusevski,Aleksej,Pokusevski
2360,Dru Smith,Dru,Smith
2151,Udoka Azubuike,Udoka,Azubuike
1208,Jon Leuer,Jon,Leuer
1783,Yakuba Ouattara,Yakuba,Ouattara
1409,Gerald Green,Gerald,Green
1003,Tony Snell,Tony,Snell
1476,Darrell Arthur,Darrell,Arthur
1909,Bruce Brown,Bruce,Brown
1349,Mike Harris,Mike,Harris
1596,Rakeem Christmas,Rakeem,Christmas
2098,Devon Hall,Devon,Hall
2167,Lamar Stevens,Lamar,Stevens
2174,Trevelin Queen,Trevelin,Queen
1894,Alize Johnson,Alize,Johnson
1213,Steve Nash,Steve,Nash
1914,Mitch Creek,Mitch,Creek
2236,Keandre Cook,Keandre,Cook
1105,Arnett Moultrie,Arnett,Moultrie
1085,Stephen Curry,Stephen,Curry
1136,Josh Smith,Josh,Smith
2197,Mamadi Diakite,Mamadi,Diakite
1265,Jrue Holiday,Jrue,Holiday
2234,Marlon Taylor,Marlon,Taylor
1557,Elijah Millsap,Elijah,Millsap
1807,Damion Lee,Damion,Lee
1635,Jonathon Simmons,Jonathon,Simmons
1078,Kent Bazemore,Kent,Bazemore
1971,Daryl Macon,Daryl,Macon
1414,Shavlik Randolph,Shavlik,Randolph
1305,Patty Mills,Patty,Mills
1868,Justin Jackson,Justin,Jackson
2169,Sean McDermott,Sean,McDermott
1045,Tristan Thompson,Tristan,Thompson
2058,Tacko Fall,Tacko,Fall
1423,Jeremy Lamb,Jeremy,Lamb
2346,DeJon Jarreau,DeJon,Jarreau
1334,Willie Green,Willie,Green
1820,Xavier Silas,Xavier,Silas
2225,Devonte Patterson,Devonte,Patterson
1033,Metta World Peace,Metta,World Peace
2204,Keljin Blevins,Keljin,Blevins
2123,Justinian Jessup,Justinian,Jessup
1099,Brandon Davies,Brandon,Davies
1416,Marcus Morris,Marcus,Morris
1279,Kris Humphries,Kris,Humphries
1883,Wendell Carter,Wendell,Carter
2267,Cade Cunningham,Cade,Cunningham
1326,Quincy Acy,Quincy,Acy
1549,Lucas Nogueira,Lucas,Nogueira
2146,Devin Vassell,Devin,Vassell
1861,Alec Peters,Alec,Peters
1776,Devin Robinson,Devin,Robinson
2280,Ziaire Williams,Ziaire,Williams
1274,Darius Miller,Darius,Miller
1977,Donte Grantham,Donte,Grantham
2144,Aaron Nesmith,Aaron,Nesmith
2017,Matisse Thybulle,Matisse,Thybulle
1734,Jarrod Uthoff,Jarrod,Uthoff
1117,Otto Porter,Otto,Porter
1621,D'Angelo Russell,D'Angelo,Russell
1419,Miles Plumlee,Miles,Plumlee
1829,Matt Costello,Matt,Costello
1367,Chris Andersen,Chris,Andersen
1720,Diamond Stone,Diamond,Stone
1819,Charles Cooke,Charles,Cooke
1726,Gary Payton II,Gary,Payton II
1624,Andrew Goudelock,Andrew,Goudelock
1383,Miroslav Raduljica,Miroslav,Raduljica
1172,Kevin Garnett,Kevin,Garnett
2013,Ky Bowman,Ky,Bowman
1034,Pablo Prigioni,Pablo,Prigioni
TB,,Tampa Bay,Buccaneers
1091,Dewayne Dedmon,Dewayne,Dedmon
1030,Tyson Chandler,Tyson,Chandler
1448,Earl Watson,Earl,Watson
1560,Jerrelle Benimon,Jerrelle,Benimon
1314,Greivis Vasquez,Greivis,Vasquez
2321,Terry Taylor,Terry,Taylor
1226,Jodie Meeks,Jodie,Meeks
1474,Ty Lawson,Ty,Lawson
1304,Manu Ginobili,Manu,Ginobili
1463,Isaiah Thomas,Isaiah,Thomas
1235,Dexter Pittman,Dexter,Pittman
1189,Robbie Hummel,Robbie,Hummel
1449,Nicolas Batum,Nicolas,Batum
2150,Saben Lee,Saben,Lee
1674,Dario Saric,Dario,Saric
1710,Demetrius Jackson,Demetrius,Jackson
1576,David Wear,David,Wear
1696,Wayne Selden,Wayne,Selden
1987,Jarred Vanderbilt,Jarred,Vanderbilt
1766,Edmond Sumner,Edmond,Sumner
2367,Petr Cornelie,Petr,Cornelie
1658,Nikola Jokic,Nikola,Jokic
2213,Brodric Thomas,Brodric,Thomas
2216,Nate Sestina,Nate,Sestina
1278,Greg Stiemsma,Greg,Stiemsma
1018,Joakim Noah,Joakim,Noah
1142,Kyle Singler,Kyle,Singler
1921,Keita Bates-Diop,Keita,Bates-Diop
1209,Jerryd Bayless,Jerryd,Bayless
1721,Joel Bolomboy,Joel,Bolomboy
1482,Arron Afflalo,Arron,Afflalo
1076,Jordan Crawford,Jordan,Crawford
1558,Patrick Christopher,Patrick,Christopher
1521,Cory Jefferson,Cory,Jefferson
2102,DaQuan Jeffries,DaQuan,Jeffries
1802,Andre Ingram,Andre,Ingram
1124,Garrett Temple,Garrett,Temple
1467,Anthony Randolph,Anthony,Randolph
1244,Omri Casspi,Omri,Casspi
1851,Johnathan Motley,Johnathan,Motley
1562,Shabazz Napier,Shabazz,Napier
1276,Lance Thomas,Lance,Thomas
2073,Mfiondu Kabengele,Mfiondu,Kabengele
1333,Reggie Bullock,Reggie,Bullock
1793,Myke Henry,Myke,Henry
1600,Christian Wood,Christian,Wood
1593,Sasha Kaun,Sasha,Kaun
1764,Ben Moore,Ben,Moore
1186,Kevin Martin,Kevin,Martin
1983,Anfernee Simons,Anfernee,Simons
2378,Denzel Mahoney,Denzel,Mahoney
1444,Damian Lillard,Damian,Lillard
1295,Marco Belinelli,Marco,Belinelli
2293,Keon Johnson,Keon,Johnson
1659,Axel Toupane,Axel,Toupane
2115,Sir'Dominic Pointer,Sir'Dominic,Pointer
2384,James Banks,James,Banks
1942,Omari Spellman,Omari,Spellman
1925,Jevon Carter,Jevon,Carter
1958,Justin Bibbs,Justin,Bibbs
1968,Ryan Broekhoff,Ryan,Broekhoff
1072,George Hill,George,Hill
1170,Andray Blatche,Andray,Blatche
CHI,,Chicago,Bears
1857,Josh Jackson,Josh,Jackson
KC,,Kansas City,Chiefs
1139,Brandon Jennings,Brandon,Jennings
1198,James Johnson,James,Johnson
1006,Derrick Rose,Derrick,Rose
2056,Nicolo Melli,Nicolo,Melli
1102,Darius Morris,Darius,Morris
2307,Usman Garuba,Usman,Garuba
2082,Stanton Kidd,Stanton,Kidd
1980,Tyler Davis,Tyler,Davis
1397,Shane Larkin,Shane,Larkin
1402,Samuel Dalembert,Samuel,Dalembert
2356,RJ Nembhard,RJ,Nembhard
1664,Willy Hernangomez,Willy,Hernangomez
1723,Okaro White,Okaro,White
2070,Terence Davis,Terence,Davis
1111,Byron Mullens,Byron,Mullens
1221,Chris Kaman,Chris,Kaman
1267,Jason Smith,Jason,Smith
1280,Chris Babb,Chris,Babb
2258,Quentin Grimes,Quentin,Grimes
1354,Alec Burks,Alec,Burks
1435,Reggie Williams,Reggie,Williams
1147,Anthony Tolliver,Anthony,Tolliver
2149,Reggie Perry,Reggie,Perry
1156,Chris Douglas-Roberts,Chris,Douglas-Roberts
1439,Kendrick Perkins,Kendrick,Perkins
1963,Kendrick Nunn,Kendrick,Nunn
1514,Ronald Roberts,Ronald,Roberts
1640,Trey Lyles,Trey,Lyles
1070,Lavoy Allen,Lavoy,Allen
1920,Josh Okogie,Josh,Okogie
1494,Cameron Bairstow,Cameron,Bairstow
2009,Kevin Porter,Kevin,Porter
1260,John Jenkins,John,Jenkins
1355,Andris Biedrins,Andris,Biedrins
1113,Glen Rice,Glen,Rice
1012,Erik Murphy,Erik,Murphy
1301,Tiago Splitter,Tiago,Splitter
1661,Keith Appling,Keith,Appling
1697,Ivica Zubac,Ivica,Zubac
1617,Briante Weber,Briante,Weber
2004,Levi Randolph,Levi,Randolph
2114,Mychal Mulder,Mychal,Mulder
1408,Dionte Christmas,Dionte,Christmas
1815,Frank Jackson,Frank,Jackson
BUF,,Buffalo,Bills
1429,Andre Roberson,Andre,Roberson
1378,Khris Middleton,Khris,Middleton
1129,Peyton Siva,Peyton,Siva
2176,Rayshaun Hammonds,Rayshaun,Hammonds
1157,James Southerland,James,Southerland
1905,Khyri Thomas,Khyri,Thomas
2015,Alen Smailagic,Alen,Smailagic
1992,Melvin Frazier,Melvin,Frazier
1456,Royce White,Royce,White
2089,Josh Reaves,Josh,Reaves
1328,DeAndre Jordan,DeAndre,Jordan
2038,Kelan Martin,Kelan,Martin
1714,Davis Bertans,Davis,Bertans
1537,Tarik Black,Tarik,Black
1647,Justin Anderson,Justin,Anderson
2048,Bruno Fernando,Bruno,Fernando
2110,Jeremy Pargo,Jeremy,Pargo
1998,Coby White,Coby,White
2329,Sam Hauser,Sam,Hauser
1842,Tony Bradley,Tony,Bradley
1007,Mike Dunleavy,Mike,Dunleavy
1083,Jermaine O'Neal,Jermaine,O'Neal
1019,Jarvis Varnado,Jarvis,Varnado
2221,Dakota Mathias,Dakota,Mathias
1443,Meyers Leonard,Meyers,Leonard
1852,Maxi Kleber,Maxi,Kleber
2217,Jake Toolson,Jake,Toolson
1242,Aaron Brooks,Aaron,Brooks
1731,Pierre Jackson,Pierre,Jackson
2049,Cam Reddish,Cam,Reddish
2261,Chris Duarte,Chris,Duarte
1231,Josh Powell,Josh,Powell
2382,Jalen Crutcher,Jalen,Crutcher
2273,James Bouknight,James,Bouknight
1013,Ronnie Brewer,Ronnie,Brewer
1824,Daniel Theis,Daniel,Theis
1527,Tyrus Thomas,Tyrus,Thomas
1535,Julius Randle,Julius,Randle
1146,Luke Ridnour,Luke,Ridnour
2031,Robert Franks,Robert,Franks
1876,Khem Birch,Khem,Birch
2154,Tyrell Terry,Tyrell,Terry
1725,Thon Maker,Thon,Maker
1911,Joe Chealey,Joe,Chealey
1592,Jerian Grant,Jerian,Grant
MIN,,Minnesota,Vikings
1202,Tayshaun Prince,Tayshaun,Prince
1691,Kris Dunn,Kris,Dunn
2229,Malik Fitts,Malik,Fitts
2095,Luguentz Dort,Luguentz,Dort
1599,Sonny Weems,Sonny,Weems
DET,,Detroit,Lions
1752,Lauri Markkanen,Lauri,Markkanen
1601,Jahlil Okafor,Jahlil,Okafor
1711,Jaylen Brown,Jaylen,Brown
2205,Karim Mane,Karim,Mane
1774,Furkan Korkmaz,Furkan,Korkmaz
1736,Derrick Jones,Derrick,Jones
2373,Rob Edwards,Rob,Edwards
1342,Maalik Wayns,Maalik,Wayns
1570,Jabari Parker,Jabari,Parker
1319,Jonas Valanciunas,Jonas,Valanciunas
1262,Austin Rivers,Austin,Rivers
2219,Tony Carr,Tony,Carr
1165,Mirza Teletovic,Mirza,Teletovic
1240,James Harden,James,Harden
2264,Jaden Springer,Jaden,Springer
2139,Sam Merrill,Sam,Merrill
1089,Andre Iguodala,Andre,Iguodala
1996,Adam Mokoka,Adam,Mokoka
1533,Jarnell Stokes,Jarnell,Stokes
2104,Kyle Guy,Kyle,Guy
1619,Marcelo Huertas,Marcelo,Huertas
1798,Lonzo Ball,Lonzo,Ball
1884,Rawle Alkins,Rawle,Alkins
1657,Emmanuel Mudiay,Emmanuel,Mudiay
1251,DeMarre Carroll,DeMarre,Carroll
1694,Deyonta Davis,Deyonta,Davis
1297,Boris Diaw,Boris,Diaw
2063,Romeo Langford,Romeo,Langford
1611,Rondae Hollis-Jefferson,Rondae,Hollis-Jefferson
1924,Jaren Jackson,Jaren,Jackson
1400,Dirk Nowitzki,Dirk,Nowitzki
1822,Jayson Tatum,Jayson,Tatum
1453,Victor Claver,Victor,Claver
2182,Killian Hayes,Killian,Hayes
2302,Neemias Queta,Neemias,Queta
2259,Evan Mobley,Evan,Mobley
2380,Jeremiah Tilmon,Jeremiah,Tilmon
2276,RaiQuan Gray,RaiQuan,Gray
1552,Dahntay Jones,Dahntay,Jones
1234,Troy Daniels,Troy,Daniels
1650,Josh Huestis,Josh,Huestis
1195,Nikola Pekovic,Nikola,Pekovic
